Adresse,CodePostal
"Adrar, Adrar",1001
"Tamest, Adrar",1002
"Charouine, Adrar",1003
"Reggane, Adrar",1004
"Inozghmir, Adrar",1005
"Tit, Adrar",1006
"Ksar Kaddour, Adrar",1007
"Tsabit, Adrar",1008
"Timimoun, Adrar",1009
"Ouled Said, Adrar",1010
"Zaouiet Kounta, Adrar",1011
"Aoulef, Adrar",1012
"Timokten, Adrar",1013
"Tamentit, Adrar",1014
"Fenoughil, Adrar",1015
"Tinerkouk, Adrar",1016
"Deldoul, Adrar",1017
"Sali, Adrar",1018
"Akabli, Adrar",1019
"Metarfa, Adrar",1020
"O Ahmed Timmi, Adrar",1021
"Bouda, Adrar",1022
"Aougrout, Adrar",1023
"Talmine, Adrar",1024
"B Badji Mokhtar, Adrar",1025
"Sbaa, Adrar",1026
"Ouled Aissa, Adrar",1027
"Timiaouine, Adrar",1028
"Chlef, Chlef",2001
"Tenes, Chlef",2002
"Benairia, Chlef",2003
"El Karimia, Chlef",2004
"Tadjna, Chlef",2005
"Taougrite, Chlef",2006
"Beni Haoua, Chlef",2007
"Sobha, Chlef",2008
"Harchoun, Chlef",2009
"Ouled Fares, Chlef",2010
"Sidi Akacha, Chlef",2011
"Boukadir, Chlef",2012
"Beni Rached, Chlef",2013
"Talassa, Chlef",2014
"Herenfa, Chlef",2015
"Oued Goussine, Chlef",2016
"Dahra, Chlef",2017
"Ouled Abbes, Chlef",2018
"Sendjas, Chlef",2019
"Zeboudja, Chlef",2020
"Oued Sly, Chlef",2021
"Abou El Hassen, Chlef",2022
"El Marsa, Chlef",2023
"Chettia, Chlef",2024
"Sidi Abderrahmane, Chlef",2025
"Moussadek, Chlef",2026
"El Hadjadj, Chlef",2027
"Labiod Medjadja, Chlef",2028
"Oued Fodda, Chlef",2029
"Ouled Ben Abdelkader, Chlef",2030
"Bouzghaia, Chlef",2031
"Ain Merane, Chlef",2032
"Oum Drou, Chlef",2033
"Breira, Chlef",2034
"Ben Boutaleb, Chlef",2035
"Laghouat, Laghouat",3001
"Ksar El Hirane, Laghouat",3002
"Benacer Ben Chohra, Laghouat",3003
"Sidi Makhlouf, Laghouat",3004
"Hassi Delaa, Laghouat",3005
"Hassi R Mel, Laghouat",3006
"Ain Mahdi, Laghouat",3007
"Tadjmout, Laghouat",3008
"Kheneg, Laghouat",3009
"Gueltat Sidi Saad, Laghouat",3010
"Ain Sidi Ali, Laghouat",3011
"Beidha, Laghouat",3012
"Brida, Laghouat",3013
"El Ghicha, Laghouat",3014
"Hadj Mechri, Laghouat",3015
"Sebgag, Laghouat",3016
"Taouiala, Laghouat",3017
"Tadjrouna, Laghouat",3018
"Aflou, Laghouat",3019
"El Assafia, Laghouat",3020
"Oued Morra, Laghouat",3021
"Oued M Zi, Laghouat",3022
"El Haouaita, Laghouat",3023
"Sidi Bouzid, Laghouat",3024
"Oum El Bouaghi, Oum El Bouaghi",4001
"Ain Beida, Oum El Bouaghi",4002
"Ainmlila, Oum El Bouaghi",4003
"Behir Chergui, Oum El Bouaghi",4004
"El Amiria, Oum El Bouaghi",4005
"Sigus, Oum El Bouaghi",4006
"El Belala, Oum El Bouaghi",4007
"Ain Babouche, Oum El Bouaghi",4008
"Berriche, Oum El Bouaghi",4009
"Ouled Hamla, Oum El Bouaghi",4010
"Dhala, Oum El Bouaghi",4011
"Ain Kercha, Oum El Bouaghi",4012
"Hanchir Toumghani, Oum El Bouaghi",4013
"El Djazia, Oum El Bouaghi",4014
"Ain Diss, Oum El Bouaghi",4015
"Fkirina, Oum El Bouaghi",4016
"Souk Naamane, Oum El Bouaghi",4017
"Zorg, Oum El Bouaghi",4018
"El Fedjoudj Boughrar, Oum El Bouaghi",4019
"Ouled Zouai, Oum El Bouaghi",4020
"Bir Chouhada, Oum El Bouaghi",4021
"Ksar Sbahi, Oum El Bouaghi",4022
"Oued Nini, Oum El Bouaghi",4023
"Meskiana, Oum El Bouaghi",4024
"Ain Fekroune, Oum El Bouaghi",4025
"Rahia, Oum El Bouaghi",4026
"Ain Zitoun, Oum El Bouaghi",4027
"Ouled Gacem, Oum El Bouaghi",4028
"El Harmilia, Oum El Bouaghi",4029
"Batna, Batna",5001
"Ghassira, Batna",5002
"Maafa, Batna",5003
"Merouana, Batna",5004
"Seriana, Batna",5005
"Menaa, Batna",5006
"El Madher, Batna",5007
"Tazoult, Batna",5008
"Ngaous, Batna",5009
"Guigba, Batna",5010
"Inoughissen, Batna",5011
"Ouyoun El Assafir, Batna",5012
"Djerma, Batna",5013
"Bitam, Batna",5014
"Metkaouak, Batna",5015
"Arris, Batna",5016
"Kimmel, Batna",5017
"Tilatou, Batna",5018
"Ain Djasser, Batna",5019
"Ouled Selam, Batna",5020
"Tigherghar, Batna",5021
"Ain Yagout, Batna",5022
"Fesdis, Batna",5023
"Sefiane, Batna",5024
"Rahbat, Batna",5025
"Tighanimine, Batna",5026
"Lemsane, Batna",5027
"Ksar Belezma, Batna",5028
"Seggana, Batna",5029
"Ichmoul, Batna",5030
"Foum Toub, Batna",5031
"Beni Foudhala El Hakania, Batna",5032
"Oued El Ma, Batna",5033
"Talkhamt, Batna",5034
"Bouzina, Batna",5035
"Chemora, Batna",5036
"Oued Chaaba, Batna",5037
"Taxlent, Batna",5038
"Gosbat, Batna",5039
"Ouled Aouf, Batna",5040
"Boumagueur, Batna",5041
"Barika, Batna",5042
"Djezzar, Batna",5043
"Tkout, Batna",5044
"Ain Touta, Batna",5045
"Hidoussa, Batna",5046
"Teniet El Abed, Batna",5047
"Oued Taga, Batna",5048
"Ouled Fadel, Batna",5049
"Timgad, Batna",5050
"Ras El Aioun, Batna",5051
"Chir, Batna",5052
"Ouled Si Slimane, Batna",5053
"Zanat El Beida, Batna",5054
"Amdoukal, Batna",5055
"Ouled Ammar, Batna",5056
"El Hassi, Batna",5057
"Lazrou, Batna",5058
"Boumia, Batna",5059
"Boulhilat, Batna",5060
"Larbaa, Batna",5061
"Bejaia, Béjaïa",6001
"Amizour, Béjaïa",6002
"Ferraoun, Béjaïa",6003
"Taourirt Ighil, Béjaïa",6004
"Chelata, Béjaïa",6005
"Tamokra, Béjaïa",6006
"Timzrit, Béjaïa",6007
"Souk El Thenine, Béjaïa",6008
"Mcisna, Béjaïa",6009
"Thinabdher, Béjaïa",6010
"Tichi, Béjaïa",6011
"Semaoun, Béjaïa",6012
"Kendira, Béjaïa",6013
"Tifra, Béjaïa",6014
"Ighram, Béjaïa",6015
"Amalou, Béjaïa",6016
"Ighil Ali, Béjaïa",6017
"Ifelain Ilmathen, Béjaïa",6018
"Toudja, Béjaïa",6019
"Darguina, Béjaïa",6020
"Sidi Ayad, Béjaïa",6021
"Aokas, Béjaïa",6022
"Beni Djellil, Béjaïa",6023
"Adekar, Béjaïa",6024
"Akbou, Béjaïa",6025
"Seddouk, Béjaïa",6026
"Tazmalt, Béjaïa",6027
"Ait Rizine, Béjaïa",6028
"Chemini, Béjaïa",6029
"Souk Oufella, Béjaïa",6030
"Taskriout, Béjaïa",6031
"Tibane, Béjaïa",6032
"Tala Hamza, Béjaïa",6033
"Barbacha, Béjaïa",6034
"Beni Ksila, Béjaïa",6035
"Ouzallaguen, Béjaïa",6036
"Bouhamza, Béjaïa",6037
"Beni Melikeche, Béjaïa",6038
"Sidi Aich, Béjaïa",6039
"El Kseur, Béjaïa",6040
"Melbou, Béjaïa",6041
"Akfadou, Béjaïa",6042
"Leflaye, Béjaïa",6043
"Kherrata, Béjaïa",6044
"Draa Kaid, Béjaïa",6045
"Tamridjet, Béjaïa",6046
"Ait Smail, Béjaïa",6047
"Boukhelifa, Béjaïa",6048
"Tizi Nberber, Béjaïa",6049
"Beni Maouch, Béjaïa",6050
"Oued Ghir, Béjaïa",6051
"Boudjellil, Béjaïa",6052
"Biskra, Biskra",7001
"Oumache, Biskra",7002
"Branis, Biskra",7003
"Chetma, Biskra",7004
"Ouled Djellal, Biskra",7005
"Ras El Miaad, Biskra",7006
"Besbes, Biskra",7007
"Sidi Khaled, Biskra",7008
"Doucen, Biskra",7009
"Ech Chaiba, Biskra",7010
"Sidi Okba, Biskra",7011
"Mchouneche, Biskra",7012
"El Haouch, Biskra",7013
"Ain Naga, Biskra",7014
"Zeribet El Oued, Biskra",7015
"El Feidh, Biskra",7016
"El Kantara, Biskra",7017
"Ain Zaatout, Biskra",7018
"El Outaya, Biskra",7019
"Djemorah, Biskra",7020
"Tolga, Biskra",7021
"Lioua, Biskra",7022
"Lichana, Biskra",7023
"Ourlal, Biskra",7024
"Mlili, Biskra",7025
"Foughala, Biskra",7026
"Bordj Ben Azzouz, Biskra",7027
"Meziraa, Biskra",7028
"Bouchagroun, Biskra",7029
"Mekhadma, Biskra",7030
"El Ghrous, Biskra",7031
"El Hadjab, Biskra",7032
"Khanguet Sidinadji, Biskra",7033
"Bechar, Béchar",8001
"Erg Ferradj, Béchar",8002
"Ouled Khoudir, Béchar",8003
"Meridja, Béchar",8004
"Timoudi, Béchar",8005
"Lahmar, Béchar",8006
"Beni Abbes, Béchar",8007
"Beni Ikhlef, Béchar",8008
"Mechraa Houari B, Béchar",8009
"Kenedsa, Béchar",8010
"Igli, Béchar",8011
"Tabalbala, Béchar",8012
"Taghit, Béchar",8013
"El Ouata, Béchar",8014
"Boukais, Béchar",8015
"Mogheul, Béchar",8016
"Abadla, Béchar",8017
"Kerzaz, Béchar",8018
"Ksabi, Béchar",8019
"Tamtert, Béchar",8020
"Beni Ounif, Béchar",8021
"Blida, Blida",9001
"Chebli, Blida",9002
"Bouinan, Blida",9003
"Oued El Alleug, Blida",9004
"Ouled Yaich, Blida",9007
"Chrea, Blida",9008
"El Affroun, Blida",9010
"Chiffa, Blida",9011
"Hammam Melouane, Blida",9012
"Ben Khlil, Blida",9013
"Soumaa, Blida",9014
"Mouzaia, Blida",9016
"Souhane, Blida",9017
"Meftah, Blida",9018
"Ouled Selama, Blida",9019
"Boufarik, Blida",9020
"Larbaa, Blida",9021
"Oued Djer, Blida",9022
"Beni Tamou, Blida",9023
"Bouarfa, Blida",9024
"Beni Mered, Blida",9025
"Bougara, Blida",9026
"Guerrouaou, Blida",9027
"Ain Romana, Blida",9028
"Djebabra, Blida",9029
"Bouira, Bouira",10001
"El Asnam, Bouira",10002
"Guerrouma, Bouira",10003
"Souk El Khemis, Bouira",10004
"Kadiria, Bouira",10005
"Hanif, Bouira",10006
"Dirah, Bouira",10007
"Ait Laaziz, Bouira",10008
"Taghzout, Bouira",10009
"Raouraoua, Bouira",10010
"Mezdour, Bouira",10011
"Haizer, Bouira",10012
"Lakhdaria, Bouira",10013
"Maala, Bouira",10014
"El Hachimia, Bouira",10015
"Aomar, Bouira",10016
"Chorfa, Bouira",10017
"Bordj Oukhriss, Bouira",10018
"El Adjiba, Bouira",10019
"El Hakimia, Bouira",10020
"El Khebouzia, Bouira",10021
"Ahl El Ksar, Bouira",10022
"Bouderbala, Bouira",10023
"Zbarbar, Bouira",10024
"Ain El Hadjar, Bouira",10025
"Djebahia, Bouira",10026
"Aghbalou, Bouira",10027
"Taguedit, Bouira",10028
"Ain Turk, Bouira",10029
"Saharidj, Bouira",10030
"Dechmia, Bouira",10031
"Ridane, Bouira",10032
"Bechloul, Bouira",10033
"Boukram, Bouira",10034
"Ain Bessam, Bouira",10035
"Bir Ghbalou, Bouira",10036
"Mchedallah, Bouira",10037
"Sour El Ghozlane, Bouira",10038
"Maamora, Bouira",10039
"Ouled Rached, Bouira",10040
"Ain Laloui, Bouira",10041
"Hadjera Zerga, Bouira",10042
"Ath Mansour, Bouira",10043
"El Mokrani, Bouira",10044
"Oued El Berdi, Bouira",10045
"Tamanghasset, Tamanrasset",11001
"Abalessa, Tamanrasset",11002
"In Ghar, Tamanrasset",11003
"In Guezzam, Tamanrasset",11004
"Idles, Tamanrasset",11005
"Tazouk, Tamanrasset",11006
"Tinzaouatine, Tamanrasset",11007
"In Salah, Tamanrasset",11008
"In Amguel, Tamanrasset",11009
"Foggaret Ezzaouia, Tamanrasset",11010
"Tebessa, Tébessa",12001
"Bir El Ater, Tébessa",12002
"Cheria, Tébessa",12003
"Stah Guentis, Tébessa",12004
"El Aouinet, Tébessa",12005
"Lahouidjbet, Tébessa",12006
"Safsaf El Ouesra, Tébessa",12007
"Hammamet, Tébessa",12008
"Negrine, Tébessa",12009
"Bir El Mokadem, Tébessa",12010
"El Kouif, Tébessa",12011
"Morsott, Tébessa",12012
"El Ogla, Tébessa",12013
"Bir Dheheb, Tébessa",12014
"El Ogla El Malha, Tébessa",12015
"Gorriguer, Tébessa",12016
"Bekkaria, Tébessa",12017
"Boukhadra, Tébessa",12018
"Ouenza, Tébessa",12019
"El Ma El Biodh, Tébessa",12020
"Oum Ali, Tébessa",12021
"Thlidjene, Tébessa",12022
"Ain Zerga, Tébessa",12023
"El Meridj, Tébessa",12024
"Boulhaf Dyr, Tébessa",12025
"Bedjene, Tébessa",12026
"El Mazeraa, Tébessa",12027
"Ferkane, Tébessa",12028
"Tlemcen, Tlemcen",13001
"Beni Mester, Tlemcen",13002
"Ain Tallout, Tlemcen",13003
"Remchi, Tlemcen",13004
"El Fehoul, Tlemcen",13005
"Sabra, Tlemcen",13006
"Ghazaouet, Tlemcen",13007
"Souani, Tlemcen",13008
"Djebala, Tlemcen",13009
"El Gor, Tlemcen",13010
"Oued Chouly, Tlemcen",13011
"Ain Fezza, Tlemcen",13012
"Ouled Mimoun, Tlemcen",13013
"Amieur, Tlemcen",13014
"Ain Youcef, Tlemcen",13015
"Zenata, Tlemcen",13016
"Beni Snous, Tlemcen",13017
"Bab El Assa, Tlemcen",13018
"Dar Yaghmouracene, Tlemcen",13019
"Fellaoucene, Tlemcen",13020
"Azails, Tlemcen",13021
"Sebbaa Chioukh, Tlemcen",13022
"Terni Beni Hediel, Tlemcen",13023
"Bensekrane, Tlemcen",13024
"Ain Nehala, Tlemcen",13025
"Hennaya, Tlemcen",13026
"Maghnia, Tlemcen",13027
"Hammam Boughrara, Tlemcen",13028
"Souahlia, Tlemcen",13029
"Msirda Fouaga, Tlemcen",13030
"Ain Fetah, Tlemcen",13031
"El Aricha, Tlemcen",13032
"Souk Thlata, Tlemcen",13033
"Sidi Abdelli, Tlemcen",13034
"Sebdou, Tlemcen",13035
"Beni Ouarsous, Tlemcen",13036
"Sidi Medjahed, Tlemcen",13037
"Beni Boussaid, Tlemcen",13038
"Marsa Ben Mhidi, Tlemcen",13039
"Nedroma, Tlemcen",13040
"Sidi Djillali, Tlemcen",13041
"Beni Bahdel, Tlemcen",13042
"El Bouihi, Tlemcen",13043
"Honaine, Tlemcen",13044
"Tianet, Tlemcen",13045
"Ouled Riyah, Tlemcen",13046
"Bouhlou, Tlemcen",13047
"Souk El Khemis, Tlemcen",13048
"Ain Ghoraba, Tlemcen",13049
"Chetouane, Tlemcen",13050
"Mansourah, Tlemcen",13051
"Beni Semiel, Tlemcen",13052
"Ain Kebira, Tlemcen",13053
"Tiaret, Tiaret",14001
"Medroussa, Tiaret",14002
"Ain Bouchekif, Tiaret",14003
"Sidi Ali Mellal, Tiaret",14004
"Ain Zarit, Tiaret",14005
"Ain Deheb, Tiaret",14006
"Sidi Bakhti, Tiaret",14007
"Medrissa, Tiaret",14008
"Zmalet El Emir Aek, Tiaret",14009
"Madna, Tiaret",14010
"Sebt, Tiaret",14011
"Mellakou, Tiaret",14012
"Dahmouni, Tiaret",14013
"Rahouia, Tiaret",14014
"Mahdia, Tiaret",14015
"Sougueur, Tiaret",14016
"Sidi Abdelghani, Tiaret",14017
"Ain El Hadid, Tiaret",14018
"Ouled Djerad, Tiaret",14019
"Naima, Tiaret",14020
"Meghila, Tiaret",14021
"Guertoufa, Tiaret",14022
"Sidi Hosni, Tiaret",14023
"Djillali Ben Amar, Tiaret",14024
"Sebaine, Tiaret",14025
"Tousnina, Tiaret",14026
"Frenda, Tiaret",14027
"Ain Kermes, Tiaret",14028
"Ksar Chellala, Tiaret",14029
"Rechaiga, Tiaret",14030
"Nadorah, Tiaret",14031
"Tagdemt, Tiaret",14032
"Oued Lilli, Tiaret",14033
"Mechraa Safa, Tiaret",14034
"Hamadia, Tiaret",14035
"Chehaima, Tiaret",14036
"Takhemaret, Tiaret",14037
"Sidi Abderrahmane, Tiaret",14038
"Serghine, Tiaret",14039
"Bougara, Tiaret",14040
"Faidja, Tiaret",14041
"Tidda, Tiaret",14042
"Tizi Ouzou, Tizi Ouzou",15001
"Ain El Hammam, Tizi Ouzou",15002
"Akbil, Tizi Ouzou",15003
"Freha, Tizi Ouzou",15004
"Souamaa, Tizi Ouzou",15005
"Mechtrass, Tizi Ouzou",15006
"Irdjen, Tizi Ouzou",15007
"Timizart, Tizi Ouzou",15008
"Makouda, Tizi Ouzou",15009
"Draa El Mizan, Tizi Ouzou",15010
"Tizi Ghenif, Tizi Ouzou",15011
"Bounouh, Tizi Ouzou",15012
"Ait Chaffaa, Tizi Ouzou",15013
"Frikat, Tizi Ouzou",15014
"Beni Aissi, Tizi Ouzou",15015
"Beni Zmenzer, Tizi Ouzou",15016
"Iferhounene, Tizi Ouzou",15017
"Azazga, Tizi Ouzou",15018
"Iloula Oumalou, Tizi Ouzou",15019
"Yakouren, Tizi Ouzou",15020
"Larba Nait Irathen, Tizi Ouzou",15021
"Tizi Rached, Tizi Ouzou",15022
"Zekri, Tizi Ouzou",15023
"Ouaguenoun, Tizi Ouzou",15024
"Ain Zaouia, Tizi Ouzou",15025
"Mkira, Tizi Ouzou",15026
"Ait Yahia, Tizi Ouzou",15027
"Ait Mahmoud, Tizi Ouzou",15028
"Maatka, Tizi Ouzou",15029
"Ait Boumehdi, Tizi Ouzou",15030
"Abi Youcef, Tizi Ouzou",15031
"Beni Douala, Tizi Ouzou",15032
"Illilten, Tizi Ouzou",15033
"Bouzguen, Tizi Ouzou",15034
"Ait Aggouacha, Tizi Ouzou",15035
"Ouadhia, Tizi Ouzou",15036
"Azzefoun, Tizi Ouzou",15037
"Tigzirt, Tizi Ouzou",15038
"Ait Aissa Mimoun, Tizi Ouzou",15039
"Boghni, Tizi Ouzou",15040
"Ifigha, Tizi Ouzou",15041
"Ait Oumalou, Tizi Ouzou",15042
"Tirmitine, Tizi Ouzou",15043
"Akerrou, Tizi Ouzou",15044
"Yatafen, Tizi Ouzou",15045
"Beni Ziki, Tizi Ouzou",15046
"Draa Ben Khedda, Tizi Ouzou",15047
"Ouacif, Tizi Ouzou",15048
"Idjeur, Tizi Ouzou",15049
"Mekla, Tizi Ouzou",15050
"Tizi Nthlata, Tizi Ouzou",15051
"Beni Yenni, Tizi Ouzou",15052
"Aghrib, Tizi Ouzou",15053
"Iflissen, Tizi Ouzou",15054
"Boudjima, Tizi Ouzou",15055
"Ait Yahia Moussa, Tizi Ouzou",15056
"Souk El Thenine, Tizi Ouzou",15057
"Ait Khelil, Tizi Ouzou",15058
"Sidi Naamane, Tizi Ouzou",15059
"Iboudraren, Tizi Ouzou",15060
"Aghni Goughran, Tizi Ouzou",15061
"Mizrana, Tizi Ouzou",15062
"Imsouhal, Tizi Ouzou",15063
"Tadmait, Tizi Ouzou",15064
"Ait Bouadou, Tizi Ouzou",15065
"Assi Youcef, Tizi Ouzou",15066
"Ait Toudert, Tizi Ouzou",15067
"Alger Centre, Alger",16001
"Sidi Mhamed, Alger",16002
"El Madania, Alger",16003
"Hamma Anassers, Alger",16004
"Bab El Oued, Alger",16005
"Bologhine Ibn Ziri, Alger",16006
"Casbah, Alger",16007
"Oued Koriche, Alger",16008
"Bir Mourad Rais, Alger",16009
"El Biar, Alger",16010
"Bouzareah, Alger",16011
"Birkhadem, Alger",16012
"El Harrach, Alger",16013
"Baraki, Alger",16014
"Oued Smar, Alger",16015
"Bourouba, Alger",16016
"Hussein Dey, Alger",16017
"Kouba, Alger",16018
"Bachedjerah, Alger",16019
"Dar El Beida, Alger",16020
"Bab Azzouar, Alger",16021
"Ben Aknoun, Alger",16022
"Dely Ibrahim, Alger",16023
"Bains Romains, Alger",16024
"Rais Hamidou, Alger",16025
"Djasr Kasentina, Alger",16026
"El Mouradia, Alger",16027
"Hydra, Alger",16028
"Mohammadia, Alger",16029
"Bordj El Kiffan, Alger",16030
"El Magharia, Alger",16031
"Beni Messous, Alger",16032
"Les Eucalyptus, Alger",16033
"Birtouta, Alger",16034
"Tassala El Merdja, Alger",16035
"Ouled Chebel, Alger",16036
"Sidi Moussa, Alger",16037
"Ain Taya, Alger",16038
"Bordj El Bahri, Alger",16039
"Marsa, Alger",16040
"Haraoua, Alger",16041
"Rouiba, Alger",16042
"Reghaia, Alger",16043
"Ain Benian, Alger",16044
"Staoueli, Alger",16045
"Zeralda, Alger",16046
"Mahelma, Alger",16047
"Rahmania, Alger",16048
"Souidania, Alger",16049
"Cheraga, Alger",16050
"Ouled Fayet, Alger",16051
"El Achour, Alger",16052
"Draria, Alger",16053
"Douera, Alger",16054
"Baba Hassen, Alger",16055
"Khracia, Alger",16056
"Saoula, Alger",16057
"Djelfa, Djelfa",17001
"Moudjebara, Djelfa",17002
"El Guedid, Djelfa",17003
"Hassi Bahbah, Djelfa",17004
"Ain Maabed, Djelfa",17005
"Sed Rahal, Djelfa",17006
"Feidh El Botma, Djelfa",17007
"Birine, Djelfa",17008
"Bouira Lahdeb, Djelfa",17009
"Zaccar, Djelfa",17010
"El Khemis, Djelfa",17011
"Sidi Baizid, Djelfa",17012
"Mliliha, Djelfa",17013
"El Idrissia, Djelfa",17014
"Douis, Djelfa",17015
"Hassi El Euch, Djelfa",17016
"Messaad, Djelfa",17017
"Guettara, Djelfa",17018
"Sidi Ladjel, Djelfa",17019
"Had Sahary, Djelfa",17020
"Guernini, Djelfa",17021
"Selmana, Djelfa",17022
"Ain Chouhada, Djelfa",17023
"Oum Laadham, Djelfa",17024
"Dar Chouikh, Djelfa",17025
"Charef, Djelfa",17026
"Beni Yacoub, Djelfa",17027
"Zaafrane, Djelfa",17028
"Deldoul, Djelfa",17029
"Ain El Ibel, Djelfa",17030
"Ain Oussera, Djelfa",17031
"Benhar, Djelfa",17032
"Hassi Fedoul, Djelfa",17033
"Amourah, Djelfa",17034
"Ain Fekka, Djelfa",17035
"Tadmit, Djelfa",17036
"Jijel, Jijel",18001
"Erraguene, Jijel",18002
"El Aouana, Jijel",18003
"Ziamma Mansouriah, Jijel",18004
"Taher, Jijel",18005
"Emir Abdelkader, Jijel",18006
"Chekfa, Jijel",18007
"Chahna, Jijel",18008
"El Milia, Jijel",18009
"Sidi Maarouf, Jijel",18010
"Settara, Jijel",18011
"El Ancer, Jijel",18012
"Sidi Abdelaziz, Jijel",18013
"Kaous, Jijel",18014
"Ghebala, Jijel",18015
"Bouraoui Belhadef, Jijel",18016
"Djmila, Jijel",18017
"Selma Benziada, Jijel",18018
"Boussif Ouled Askeur, Jijel",18019
"El Kennar Nouchfi, Jijel",18020
"Ouled Yahia Khadrouch, Jijel",18021
"Boudria Beni Yadjis, Jijel",18022
"Kemir Oued Adjoul, Jijel",18023
"Texena, Jijel",18024
"Djemaa Beni Habibi, Jijel",18025
"Bordj Taher, Jijel",18026
"Ouled Rabah, Jijel",18027
"Ouadjana, Jijel",18028
"Setif, Sétif",19001
"Ain El Kebira, Sétif",19002
"Beni Aziz, Sétif",19003
"Ouled Sidi Ahmed, Sétif",19004
"Boutaleb, Sétif",19005
"Ain Roua, Sétif",19006
"Draa Kebila, Sétif",19007
"Bir El Arch, Sétif",19008
"Beni Chebana, Sétif",19009
"Ouled Tebben, Sétif",19010
"Hamma, Sétif",19011
"Maaouia, Sétif",19012
"Ain Legraj, Sétif",19013
"Ain Abessa, Sétif",19014
"Dehamcha, Sétif",19015
"Babor, Sétif",19016
"Guidjel, Sétif",19017
"Ain Lahdjar, Sétif",19018
"Bousselam, Sétif",19019
"El Eulma, Sétif",19020
"Djemila, Sétif",19021
"Beni Ouartilane, Sétif",19022
"Rosfa, Sétif",19023
"Ouled Addouane, Sétif",19024
"Belaa, Sétif",19025
"Ain Arnat, Sétif",19026
"Amoucha, Sétif",19027
"Ain Oulmane, Sétif",19028
"Beidha Bordj, Sétif",19029
"Bouandas, Sétif",19030
"Bazer Sakhra, Sétif",19031
"Hammam Essokhna, Sétif",19032
"Mezloug, Sétif",19033
"Bir Haddada, Sétif",19034
"Serdj El Ghoul, Sétif",19035
"Harbil, Sétif",19036
"El Ouricia, Sétif",19037
"Tizi Nbechar, Sétif",19038
"Salah Bey, Sétif",19039
"Ain Azal, Sétif",19040
"Guenzet, Sétif",19041
"Talaifacene, Sétif",19042
"Bougaa, Sétif",19043
"Beni Fouda, Sétif",19044
"Tachouda, Sétif",19045
"Beni Mouhli, Sétif",19046
"Ouled Sabor, Sétif",19047
"Guellal, Sétif",19048
"Ain Sebt, Sétif",19049
"Hammam Guergour, Sétif",19050
"Ait Naoual Mezada, Sétif",19051
"Ksar El Abtal, Sétif",19052
"Beni Hocine, Sétif",19053
"Ait Tizi, Sétif",19054
"Maouklane, Sétif",19055
"Guelta Zerka, Sétif",19056
"Oued El Barad, Sétif",19057
"Taya, Sétif",19058
"El Ouldja, Sétif",19059
"Tella, Sétif",19060
"Saida, Saïda",20001
"Doui Thabet, Saïda",20002
"Ain El Hadjar, Saïda",20003
"Ouled Khaled, Saïda",20004
"Moulay Larbi, Saïda",20005
"Youb, Saïda",20006
"Hounet, Saïda",20007
"Sidi Amar, Saïda",20008
"Sidi Boubekeur, Saïda",20009
"El Hassasna, Saïda",20010
"Maamora, Saïda",20011
"Sidi Ahmed, Saïda",20012
"Ain Sekhouna, Saïda",20013
"Ouled Brahim, Saïda",20014
"Tircine, Saïda",20015
"Ain Soltane, Saïda",20016
"Skikda, Skikda",21001
"Ain Zouit, Skikda",21002
"El Hadaik, Skikda",21003
"Azzaba, Skikda",21004
"Djendel Saadi Mohamed, Skikda",21005
"Ain Cherchar, Skikda",21006
"Bekkouche Lakhdar, Skikda",21007
"Benazouz, Skikda",21008
"Es Sebt, Skikda",21009
"Collo, Skikda",21010
"Beni Zid, Skikda",21011
"Kerkera, Skikda",21012
"Ouled Attia, Skikda",21013
"Oued Zehour, Skikda",21014
"Zitouna, Skikda",21015
"El Harrouch, Skikda",21016
"Zerdazas, Skikda",21017
"Ouled Hebaba, Skikda",21018
"Sidi Mezghiche, Skikda",21019
"Emdjez Edchich, Skikda",21020
"Beni Oulbane, Skikda",21021
"Ain Bouziane, Skikda",21022
"Ramdane Djamel, Skikda",21023
"Beni Bachir, Skikda",21024
"Salah Bouchaour, Skikda",21025
"Tamalous, Skikda",21026
"Ain Kechra, Skikda",21027
"Oum Toub, Skikda",21028
"Bein El Ouiden, Skikda",21029
"Fil Fila, Skikda",21030
"Cheraia, Skikda",21031
"Kanoua, Skikda",21032
"El Ghedir, Skikda",21033
"Bouchtata, Skikda",21034
"Ouldja Boulbalout, Skikda",21035
"Kheneg Mayoum, Skikda",21036
"Hamadi Krouma, Skikda",21037
"El Marsa, Skikda",21038
"Sidi Bel Abbes, Sidi Bel Abbès",22001
"Tessala, Sidi Bel Abbès",22002
"Sidi Brahim, Sidi Bel Abbès",22003
"Mostefa Ben Brahim, Sidi Bel Abbès",22004
"Telagh, Sidi Bel Abbès",22005
"Mezaourou, Sidi Bel Abbès",22006
"Boukhanafis, Sidi Bel Abbès",22007
"Sidi Ali Boussidi, Sidi Bel Abbès",22008
"Badredine El Mokrani, Sidi Bel Abbès",22009
"Marhoum, Sidi Bel Abbès",22010
"Tafissour, Sidi Bel Abbès",22011
"Amarnas, Sidi Bel Abbès",22012
"Tilmouni, Sidi Bel Abbès",22013
"Sidi Lahcene, Sidi Bel Abbès",22014
"Ain Thrid, Sidi Bel Abbès",22015
"Makedra, Sidi Bel Abbès",22016
"Tenira, Sidi Bel Abbès",22017
"Moulay Slissen, Sidi Bel Abbès",22018
"El Hacaiba, Sidi Bel Abbès",22019
"Hassi Zehana, Sidi Bel Abbès",22020
"Tabia, Sidi Bel Abbès",22021
"Merine, Sidi Bel Abbès",22022
"Ras El Ma, Sidi Bel Abbès",22023
"Ain Tindamine, Sidi Bel Abbès",22024
"Ain Kada, Sidi Bel Abbès",22025
"Mcid, Sidi Bel Abbès",22026
"Sidi Khaled, Sidi Bel Abbès",22027
"Ain El Berd, Sidi Bel Abbès",22028
"Sfissef, Sidi Bel Abbès",22029
"Ain Adden, Sidi Bel Abbès",22030
"Oued Taourira, Sidi Bel Abbès",22031
"Dhaya, Sidi Bel Abbès",22032
"Zerouala, Sidi Bel Abbès",22033
"Lamtar, Sidi Bel Abbès",22034
"Sidi Chaib, Sidi Bel Abbès",22035
"Sidi Dahou Dezairs, Sidi Bel Abbès",22036
"Oued Sbaa, Sidi Bel Abbès",22037
"Boudjebaa El Bordj, Sidi Bel Abbès",22038
"Sehala Thaoura, Sidi Bel Abbès",22039
"Sidi Yacoub, Sidi Bel Abbès",22040
"Sidi Hamadouche, Sidi Bel Abbès",22041
"Belarbi, Sidi Bel Abbès",22042
"Oued Sefioun, Sidi Bel Abbès",22043
"Teghalimet, Sidi Bel Abbès",22044
"Ben Badis, Sidi Bel Abbès",22045
"Sidi Ali Benyoub, Sidi Bel Abbès",22046
"Chetouane Belaila, Sidi Bel Abbès",22047
"Bir El Hammam, Sidi Bel Abbès",22048
"Taoudmout, Sidi Bel Abbès",22049
"Redjem Demouche, Sidi Bel Abbès",22050
"Benachiba Chelia, Sidi Bel Abbès",22051
"Hassi Dahou, Sidi Bel Abbès",22052
"Annaba, Annaba",23001
"Berrahel, Annaba",23002
"El Hadjar, Annaba",23003
"Eulma, Annaba",23004
"El Bouni, Annaba",23005
"Oued El Aneb, Annaba",23006
"Cheurfa, Annaba",23007
"Seraidi, Annaba",23008
"Ain Berda, Annaba",23009
"Chetaibi, Annaba",23010
"Sidi Amer, Annaba",23011
"Treat, Annaba",23012
"Guelma, Guelma",24001
"Nechmaya, Guelma",24002
"Bouati Mahmoud, Guelma",24003
"Oued Zenati, Guelma",24004
"Tamlouka, Guelma",24005
"Oued Fragha, Guelma",24006
"Ain Sandel, Guelma",24007
"Ras El Agba, Guelma",24008
"Dahouara, Guelma",24009
"Belkhir, Guelma",24010
"Ben Djarah, Guelma",24011
"Bou Hamdane, Guelma",24012
"Ain Makhlouf, Guelma",24013
"Ain Ben Beida, Guelma",24014
"Khezara, Guelma",24015
"Beni Mezline, Guelma",24016
"Bou Hachana, Guelma",24017
"Guelaat Bou Sbaa, Guelma",24018
"Hammam Maskhoutine, Guelma",24019
"El Fedjoudj, Guelma",24020
"Bordj Sabat, Guelma",24021
"Hamman Nbail, Guelma",24022
"Ain Larbi, Guelma",24023
"Medjez Amar, Guelma",24024
"Bouchegouf, Guelma",24025
"Heliopolis, Guelma",24026
"Ain Hessania, Guelma",24027
"Roknia, Guelma",24028
"Salaoua Announa, Guelma",24029
"Medjez Sfa, Guelma",24030
"Boumahra Ahmed, Guelma",24031
"Ain Reggada, Guelma",24032
"Oued Cheham, Guelma",24033
"Djeballah Khemissi, Guelma",24034
"Constantine, Constantine",25001
"Hamma Bouziane, Constantine",25002
"El Haria, Constantine",25003
"Zighoud Youcef, Constantine",25004
"Didouche Mourad, Constantine",25005
"El Khroub, Constantine",25006
"Ain Abid, Constantine",25007
"Beni Hamiden, Constantine",25008
"Ouled Rahmoune, Constantine",25009
"Ain Smara, Constantine",25010
"Mesaoud Boudjeriou, Constantine",25011
"Ibn Ziad, Constantine",25012
"Medea, Médéa",26001
"Ouzera, Médéa",26002
"Ouled Maaref, Médéa",26003
"Ain Boucif, Médéa",26004
"Aissaouia, Médéa",26005
"Ouled Deide, Médéa",26006
"El Omaria, Médéa",26007
"Derrag, Médéa",26008
"El Guelbelkebir, Médéa",26009
"Bouaiche, Médéa",26010
"Mezerena, Médéa",26011
"Ouled Brahim, Médéa",26012
"Damiat, Médéa",26013
"Sidi Ziane, Médéa",26014
"Tamesguida, Médéa",26015
"El Hamdania, Médéa",26016
"Kef Lakhdar, Médéa",26017
"Chelalet El Adhaoura, Médéa",26018
"Bouskene, Médéa",26019
"Rebaia, Médéa",26020
"Bouchrahil, Médéa",26021
"Ouled Hellal, Médéa",26022
"Tafraout, Médéa",26023
"Baata, Médéa",26024
"Boghar, Médéa",26025
"Sidi Naamane, Médéa",26026
"Ouled Bouachra, Médéa",26027
"Sidi Zahar, Médéa",26028
"Oued Harbil, Médéa",26029
"Benchicao, Médéa",26030
"Sidi Damed, Médéa",26031
"Aziz, Médéa",26032
"Souagui, Médéa",26033
"Zoubiria, Médéa",26034
"Ksar El Boukhari, Médéa",26035
"El Azizia, Médéa",26036
"Djouab, Médéa",26037
"Chahbounia, Médéa",26038
"Meghraoua, Médéa",26039
"Cheniguel, Médéa",26040
"Ain Ouksir, Médéa",26041
"Oum El Djalil, Médéa",26042
"Ouamri, Médéa",26043
"Si Mahdjoub, Médéa",26044
"Tlatet Eddoair, Médéa",26045
"Beni Slimane, Médéa",26046
"Berrouaghia, Médéa",26047
"Seghouane, Médéa",26048
"Meftaha, Médéa",26049
"Mihoub, Médéa",26050
"Boughezoul, Médéa",26051
"Tablat, Médéa",26052
"Deux Bassins, Médéa",26053
"Draa Essamar, Médéa",26054
"Sidi Errabia, Médéa",26055
"Bir Ben Laabed, Médéa",26056
"El Ouinet, Médéa",26057
"Ouled Antar, Médéa",26058
"Bouaichoune, Médéa",26059
"Hannacha, Médéa",26060
"Sedraia, Médéa",26061
"Medjebar, Médéa",26062
"Khams Djouamaa, Médéa",26063
"Saneg, Médéa",26064
"Mostaganem, Mostaganem",27001
"Sayada, Mostaganem",27002
"Fornaka, Mostaganem",27003
"Stidia, Mostaganem",27004
"Ain Nouissy, Mostaganem",27005
"Hassi Maameche, Mostaganem",27006
"Ain Tadles, Mostaganem",27007
"Sour, Mostaganem",27008
"Oued El Kheir, Mostaganem",27009
"Sidi Bellater, Mostaganem",27010
"Kheiredine , Mostaganem",27011
"Sidi Ali, Mostaganem",27012
"Abdelmalek Ramdane, Mostaganem",27013
"Hadjadj, Mostaganem",27014
"Nekmaria, Mostaganem",27015
"Sidi Lakhdar, Mostaganem",27016
"Achaacha, Mostaganem",27017
"Khadra, Mostaganem",27018
"Bouguirat, Mostaganem",27019
"Sirat, Mostaganem",27020
"Ain Sidi Cherif, Mostaganem",27021
"Mesra, Mostaganem",27022
"Mansourah, Mostaganem",27023
"Souaflia, Mostaganem",27024
"Ouled Boughalem, Mostaganem",27025
"Ouled Maallah, Mostaganem",27026
"Mezghrane, Mostaganem",27027
"Ain Boudinar, Mostaganem",27028
"Tazgait, Mostaganem",27029
"Safsaf, Mostaganem",27030
"Touahria, Mostaganem",27031
"El Hassiane, Mostaganem",27032
"Msila, M'Sila",28001
"Maadid, M'Sila",28002
"Hammam Dhalaa, M'Sila",28003
"Ouled Derradj, M'Sila",28004
"Tarmount, M'Sila",28005
"Mtarfa, M'Sila",28006
"Khoubana, M'Sila",28007
"Mcif, M'Sila",28008
"Chellal, M'Sila",28009
"Ouled Madhi, M'Sila",28010
"Magra, M'Sila",28011
"Berhoum, M'Sila",28012
"Ain Khadra, M'Sila",28013
"Ouled Addi Guebala, M'Sila",28014
"Belaiba, M'Sila",28015
"Sidi Aissa, M'Sila",28016
"Ain El Hadjel, M'Sila",28017
"Sidi Hadjeres, M'Sila",28018
"Ouanougha, M'Sila",28019
"Bou Saada, M'Sila",28020
"Ouled Sidi Brahim, M'Sila",28021
"Sidi Ameur, M'Sila",28022
"Tamsa, M'Sila",28023
"Ben Srour, M'Sila",28024
"Ouled Slimane, M'Sila",28025
"El Houamed, M'Sila",28026
"El Hamel, M'Sila",28027
"Ouled Mansour, M'Sila",28028
"Maarif, M'Sila",28029
"Dehahna, M'Sila",28030
"Bouti Sayah, M'Sila",28031
"Khettouti Sed Djir, M'Sila",28032
"Zarzour, M'Sila",28033
"Oued Chair, M'Sila",28034
"Benzouh, M'Sila",28035
"Bir Foda, M'Sila",28036
"Ain Fares, M'Sila",28037
"Sidi Mhamed, M'Sila",28038
"Ouled Atia, M'Sila",28039
"Souamaa, M'Sila",28040
"Ain El Melh, M'Sila",28041
"Medjedel, M'Sila",28042
"Slim, M'Sila",28043
"Ain Errich, M'Sila",28044
"Beni Ilmane, M'Sila",28045
"Oultene, M'Sila",28046
"Djebel Messaad, M'Sila",28047
"Mascara, Mascara",29001
"Bou Hanifia, Mascara",29002
"Tizi, Mascara",29003
"Hacine, Mascara",29004
"Maoussa, Mascara",29005
"Teghennif, Mascara",29006
"El Hachem, Mascara",29007
"Sidi Kada, Mascara",29008
"Zelmata, Mascara",29009
"Oued El Abtal, Mascara",29010
"Ain Ferah, Mascara",29011
"Ghriss, Mascara",29012
"Froha, Mascara",29013
"Matemore, Mascara",29014
"Makdha, Mascara",29015
"Sidi Boussaid, Mascara",29016
"El Bordj, Mascara",29017
"Ain Fekan, Mascara",29018
"Benian, Mascara",29019
"Khalouia, Mascara",29020
"El Menaouer, Mascara",29021
"Oued Taria, Mascara",29022
"Aouf, Mascara",29023
"Ain Fares, Mascara",29024
"Ain Frass, Mascara",29025
"Sig, Mascara",29026
"Oggaz, Mascara",29027
"Alaimia, Mascara",29028
"El Gaada, Mascara",29029
"Zahana, Mascara",29030
"Mohammadia, Mascara",29031
"Sidi Abdelmoumene, Mascara",29032
"Ferraguig, Mascara",29033
"El Ghomri, Mascara",29034
"Sedjerara, Mascara",29035
"Moctadouz, Mascara",29036
"Bou Henni, Mascara",29037
"Guettena, Mascara",29038
"El Mamounia, Mascara",29039
"El Keurt, Mascara",29040
"Gharrous, Mascara",29041
"Gherdjoum, Mascara",29042
"Chorfa, Mascara",29043
"Ras Ain Amirouche, Mascara",29044
"Nesmot, Mascara",29045
"Sidi Abdeldjebar, Mascara",29046
"Sehailia, Mascara",29047
"Ouargla, Ouargla",30001
"Ain Beida, Ouargla",30002
"Ngoussa, Ouargla",30003
"Hassi Messaoud, Ouargla",30004
"Rouissat, Ouargla",30005
"Balidat Ameur, Ouargla",30006
"Tebesbest, Ouargla",30007
"Nezla, Ouargla",30008
"Zaouia El Abidia, Ouargla",30009
"Sidi Slimane, Ouargla",30010
"Sidi Khouiled, Ouargla",30011
"Hassi Ben Abdellah, Ouargla",30012
"Touggourt, Ouargla",30013
"El Hadjira, Ouargla",30014
"Taibet, Ouargla",30015
"Tamacine, Ouargla",30016
"Benaceur, Ouargla",30017
"Mnaguer, Ouargla",30018
"Megarine, Ouargla",30019
"El Allia, Ouargla",30020
"El Borma, Ouargla",30021
"Oran, Oran",31001
"Gdyel, Oran",31002
"Bir El Djir, Oran",31003
"Hassi Bounif, Oran",31004
"Es Senia, Oran",31005
"Arzew, Oran",31006
"Bethioua, Oran",31007
"Marsat El Hadjadj, Oran",31008
"Ain Turk, Oran",31009
"El Ancar, Oran",31010
"Oued Tlelat, Oran",31011
"Tafraoui, Oran",31012
"Sidi Chami, Oran",31013
"Boufatis, Oran",31014
"Mers El Kebir, Oran",31015
"Bousfer, Oran",31016
"El Karma, Oran",31017
"El Braya, Oran",31018
"Hassi Ben Okba, Oran",31019
"Ben Freha, Oran",31020
"Hassi Mefsoukh, Oran",31021
"Sidi Ben Yabka, Oran",31022
"Messerghin, Oran",31023
"Boutlelis, Oran",31024
"Ain Kerma, Oran",31025
"Ain Biya, Oran",31026
"El Bayadh, El Bayadh",32001
"Rogassa, El Bayadh",32002
"Stitten, El Bayadh",32003
"Brezina, El Bayadh",32004
"Ghassoul, El Bayadh",32005
"Boualem, El Bayadh",32006
"El Abiodh Sidi Cheikh, El Bayadh",32007
"Ain El Orak, El Bayadh",32008
"Arbaouat, El Bayadh",32009
"Bougtoub, El Bayadh",32010
"El Kheither, El Bayadh",32011
"Kef El Ahmar, El Bayadh",32012
"Boussemghoun, El Bayadh",32013
"Chellala, El Bayadh",32014
"Krakda, El Bayadh",32015
"El Bnoud, El Bayadh",32016
"Cheguig, El Bayadh",32017
"Sidi Ameur, El Bayadh",32018
"El Mehara, El Bayadh",32019
"Tousmouline, El Bayadh",32020
"Sidi Slimane, El Bayadh",32021
"Sidi Tifour, El Bayadh",32022
"Illizi, Illizi",33001
"Djanet, Illizi",33002
"Debdeb, Illizi",33003
"Bordj Omar Driss, Illizi",33004
"Bordj El Haouasse, Illizi",33005
"In Amenas, Illizi",33006
"Bordj Bou Arreridj, Bordj Bou Arreridj",34001
"Ras El Oued, Bordj Bou Arreridj",34002
"Bordj Zemoura, Bordj Bou Arreridj",34003
"Mansoura, Bordj Bou Arreridj",34004
"El Mhir, Bordj Bou Arreridj",34005
"Ben Daoud, Bordj Bou Arreridj",34006
"El Achir, Bordj Bou Arreridj",34007
"Ain Taghrout, Bordj Bou Arreridj",34008
"Bordj Ghdir, Bordj Bou Arreridj",34009
"Sidi Embarek, Bordj Bou Arreridj",34010
"El Hamadia, Bordj Bou Arreridj",34011
"Belimour, Bordj Bou Arreridj",34012
"Medjana, Bordj Bou Arreridj",34013
"Teniet En Nasr, Bordj Bou Arreridj",34014
"Djaafra, Bordj Bou Arreridj",34015
"El Main, Bordj Bou Arreridj",34016
"Ouled Brahem, Bordj Bou Arreridj",34017
"Ouled Dahmane, Bordj Bou Arreridj",34018
"Hasnaoua, Bordj Bou Arreridj",34019
"Khelil, Bordj Bou Arreridj",34020
"Taglait, Bordj Bou Arreridj",34021
"Ksour, Bordj Bou Arreridj",34022
"Ouled Sidi Brahim, Bordj Bou Arreridj",34023
"Tafreg, Bordj Bou Arreridj",34024
"Colla, Bordj Bou Arreridj",34025
"Tixter, Bordj Bou Arreridj",34026
"El Ach, Bordj Bou Arreridj",34027
"El Anseur, Bordj Bou Arreridj",34028
"Tesmart, Bordj Bou Arreridj",34029
"Ain Tesra, Bordj Bou Arreridj",34030
"Bir Kasdali, Bordj Bou Arreridj",34031
"Ghilassa, Bordj Bou Arreridj",34032
"Rabta, Bordj Bou Arreridj",34033
"Haraza, Bordj Bou Arreridj",34034
"Boumerdes, Boumerdès",35001
"Boudouaou, Boumerdès",35002
"Afir, Boumerdès",35004
"Bordj Menaiel, Boumerdès",35005
"Baghlia, Boumerdès",35006
"Sidi Daoud, Boumerdès",35007
"Naciria, Boumerdès",35008
"Djinet, Boumerdès",35009
"Isser, Boumerdès",35010
"Zemmouri, Boumerdès",35011
"Si Mustapha, Boumerdès",35012
"Tidjelabine, Boumerdès",35013
"Chabet El Ameur, Boumerdès",35014
"Thenia, Boumerdès",35015
"Timezrit, Boumerdès",35018
"Corso, Boumerdès",35019
"Ouled Moussa, Boumerdès",35020
"Larbatache, Boumerdès",35021
"Bouzegza Keddara, Boumerdès",35022
"Taourga, Boumerdès",35025
"Ouled Aissa, Boumerdès",35026
"Ben Choud, Boumerdès",35027
"Dellys, Boumerdès",35028
"Ammal, Boumerdès",35029
"Beni Amrane, Boumerdès",35030
"Souk El Had, Boumerdès",35031
"Boudouaou El Bahri, Boumerdès",35032
"Ouled Hedadj, Boumerdès",35033
"Laghata, Boumerdès",35035
"Hammedi, Boumerdès",35036
"Khemis El Khechna, Boumerdès",35037
"El Kharrouba, Boumerdès",35038
"El Tarf, El Tarf",36001
"Bouhadjar, El Tarf",36002
"Ben Mhidi, El Tarf",36003
"Bougous, El Tarf",36004
"El Kala, El Tarf",36005
"Ain El Assel, El Tarf",36006
"El Aioun, El Tarf",36007
"Bouteldja, El Tarf",36008
"Souarekh, El Tarf",36009
"Berrihane, El Tarf",36010
"Lac Des Oiseaux, El Tarf",36011
"Chefia, El Tarf",36012
"Drean, El Tarf",36013
"Chihani, El Tarf",36014
"Chebaita Mokhtar, El Tarf",36015
"Besbes, El Tarf",36016
"Asfour, El Tarf",36017
"Echatt, El Tarf",36018
"Zerizer, El Tarf",36019
"Zitouna, El Tarf",36020
"Ain Kerma, El Tarf",36021
"Oued Zitoun, El Tarf",36022
"Hammam Beni Salah, El Tarf",36023
"Raml Souk, El Tarf",36024
"Tindouf, Tindouf",37001
"Oum El Assel, Tindouf",37002
"Tissemsilt, Tissemsilt",38001
"Bordj Bou Naama, Tissemsilt",38002
"Theniet El Had, Tissemsilt",38003
"Lazharia, Tissemsilt",38004
"Beni Chaib, Tissemsilt",38005
"Lardjem, Tissemsilt",38006
"Melaab, Tissemsilt",38007
"Sidi Lantri, Tissemsilt",38008
"Bordj El Emir Abdelkader, Tissemsilt",38009
"Layoune, Tissemsilt",38010
"Khemisti, Tissemsilt",38011
"Ouled Bessem, Tissemsilt",38012
"Ammari, Tissemsilt",38013
"Youssoufia, Tissemsilt",38014
"Sidi Boutouchent, Tissemsilt",38015
"Larbaa, Tissemsilt",38016
"Maasem, Tissemsilt",38017
"Sidi Abed, Tissemsilt",38018
"Tamalaht, Tissemsilt",38019
"Sidi Slimane, Tissemsilt",38020
"Boucaid, Tissemsilt",38021
"Beni Lahcene, Tissemsilt",38022
"El Oued, El Oued",39001
"Robbah, El Oued",39002
"Oued El Alenda, El Oued",39003
"Bayadha, El Oued",39004
"Nakhla, El Oued",39005
"Guemar, El Oued",39006
"Kouinine, El Oued",39007
"Reguiba, El Oued",39008
"Hamraia, El Oued",39009
"Taghzout, El Oued",39010
"Debila, El Oued",39011
"Hassani Abdelkrim, El Oued",39012
"Hassi Khelifa, El Oued",39013
"Taleb Larbi, El Oued",39014
"Douar El Ma, El Oued",39015
"Sidi Aoun, El Oued",39016
"Trifaoui, El Oued",39017
"Magrane, El Oued",39018
"Beni Guecha, El Oued",39019
"Ourmas, El Oued",39020
"Still, El Oued",39021
"Mrara, El Oued",39022
"Sidi Khellil, El Oued",39023
"Tendla, El Oued",39024
"El Ogla, El Oued",39025
"Mih Ouansa, El Oued",39026
"El Mghair, El Oued",39027
"Djamaa, El Oued",39028
"Oum Touyour, El Oued",39029
"Sidi Amrane, El Oued",39030
"Khenchela, Khenchela",40001
"Mtoussa, Khenchela",40002
"Kais, Khenchela",40003
"Baghai, Khenchela",40004
"El Hamma, Khenchela",40005
"Ain Touila, Khenchela",40006
"Taouzianat, Khenchela",40007
"Bouhmama, Khenchela",40008
"El Oueldja, Khenchela",40009
"Remila, Khenchela",40010
"Cherchar, Khenchela",40011
"Djellal, Khenchela",40012
"Babar, Khenchela",40013
"Tamza, Khenchela",40014
"Ensigha, Khenchela",40015
"Ouled Rechache, Khenchela",40016
"El Mahmal, Khenchela",40017
"Msara, Khenchela",40018
"Yabous, Khenchela",40019
"Khirane, Khenchela",40020
"Chelia, Khenchela",40021
"Souk Ahras, Souk Ahras",41001
"Sedrata, Souk Ahras",41002
"Hanancha, Souk Ahras",41003
"Mechroha, Souk Ahras",41004
"Ouled Driss, Souk Ahras",41005
"Tiffech, Souk Ahras",41006
"Zaarouria, Souk Ahras",41007
"Taoura, Souk Ahras",41008
"Drea, Souk Ahras",41009
"Haddada, Souk Ahras",41010
"Khedara, Souk Ahras",41011
"Merahna, Souk Ahras",41012
"Ouled Moumen, Souk Ahras",41013
"Bir Bouhouche, Souk Ahras",41014
"Mdaourouche, Souk Ahras",41015
"Oum El Adhaim, Souk Ahras",41016
"Ain Zana, Souk Ahras",41017
"Ain Soltane, Souk Ahras",41018
"Quillen, Souk Ahras",41019
"Sidi Fredj, Souk Ahras",41020
"Safel El Ouiden, Souk Ahras",41021
"Ragouba, Souk Ahras",41022
"Khemissa, Souk Ahras",41023
"Oued Keberit, Souk Ahras",41024
"Terraguelt, Souk Ahras",41025
"Zouabi, Souk Ahras",41026
"Tipaza, Tipaza",42001
"Menaceur, Tipaza",42002
"Larhat, Tipaza",42003
"Douaouda, Tipaza",42004
"Bourkika, Tipaza",42005
"Khemisti, Tipaza",42006
"Aghabal, Tipaza",42010
"Hadjout, Tipaza",42012
"Sidi Amar, Tipaza",42013
"Gouraya, Tipaza",42014
"Nodor, Tipaza",42015
"Chaiba, Tipaza",42016
"Ain Tagourait, Tipaza",42017
"Cherchel, Tipaza",42022
"Damous, Tipaza",42023
"Meurad, Tipaza",42024
"Fouka, Tipaza",42025
"Bou Ismail, Tipaza",42026
"Ahmer El Ain, Tipaza",42027
"Bou Haroun, Tipaza",42030
"Sidi Ghiles, Tipaza",42032
"Messelmoun, Tipaza",42033
"Sidi Rached, Tipaza",42034
"Kolea, Tipaza",42035
"Attatba, Tipaza",42036
"Sidi Semiane, Tipaza",42040
"Beni Milleuk, Tipaza",42041
"Hadjerat Ennous, Tipaza",42042
"Mila, Mila",43001
"Ferdjioua, Mila",43002
"Chelghoum Laid, Mila",43003
"Oued Athmenia, Mila",43004
"Ain Mellouk, Mila",43005
"Telerghma, Mila",43006
"Oued Seguen, Mila",43007
"Tadjenanet, Mila",43008
"Benyahia Abderrahmane, Mila",43009
"Oued Endja, Mila",43010
"Ahmed Rachedi, Mila",43011
"Ouled Khalouf, Mila",43012
"Tiberguent, Mila",43013
"Bouhatem, Mila",43014
"Rouached, Mila",43015
"Tessala Lamatai, Mila",43016
"Grarem Gouga, Mila",43017
"Sidi Merouane, Mila",43018
"Tassadane Haddada, Mila",43019
"Derradji Bousselah, Mila",43020
"Minar Zarza, Mila",43021
"Amira Arras, Mila",43022
"Terrai Bainen, Mila",43023
"Hamala, Mila",43024
"Ain Tine, Mila",43025
"El Mechira, Mila",43026
"Sidi Khelifa, Mila",43027
"Zeghaia, Mila",43028
"Elayadi Barbes, Mila",43029
"Ain Beida Harriche, Mila",43030
"Yahia Beniguecha, Mila",43031
"Chigara, Mila",43032
"Ain Defla, Aïn Defla",44001
"Miliana, Aïn Defla",44002
"Boumedfaa, Aïn Defla",44003
"Khemis Miliana, Aïn Defla",44004
"Hammam Righa, Aïn Defla",44005
"Arib, Aïn Defla",44006
"Djelida, Aïn Defla",44007
"El Amra, Aïn Defla",44008
"Bourached, Aïn Defla",44009
"El Attaf, Aïn Defla",44010
"El Abadia, Aïn Defla",44011
"Djendel, Aïn Defla",44012
"Oued Chorfa, Aïn Defla",44013
"Ain Lechiakh, Aïn Defla",44014
"Oued Djemaa, Aïn Defla",44015
"Rouina, Aïn Defla",44016
"Zeddine, Aïn Defla",44017
"El Hassania, Aïn Defla",44018
"Bir Ouled Khelifa, Aïn Defla",44019
"Ain Soltane, Aïn Defla",44020
"Tarik Ibn Ziad, Aïn Defla",44021
"Bordj Emir Khaled, Aïn Defla",44022
"Ain Torki, Aïn Defla",44023
"Sidi Lakhdar, Aïn Defla",44024
"Ben Allal, Aïn Defla",44025
"Ain Benian, Aïn Defla",44026
"Hoceinia, Aïn Defla",44027
"Barbouche, Aïn Defla",44028
"Djemaa Ouled Chikh, Aïn Defla",44029
"Mekhatria, Aïn Defla",44030
"Bathia, Aïn Defla",44031
"Tachta Zegagha, Aïn Defla",44032
"Ain Bouyahia, Aïn Defla",44033
"El Maine, Aïn Defla",44034
"Tiberkanine, Aïn Defla",44035
"Belaas, Aïn Defla",44036
"Naama, Naâma",45001
"Mechria, Naâma",45002
"Ain Sefra, Naâma",45003
"Tiout, Naâma",45004
"Sfissifa, Naâma",45005
"Moghrar, Naâma",45006
"Assela, Naâma",45007
"Djeniane Bourzeg, Naâma",45008
"Ain Ben Khelil, Naâma",45009
"Makman Ben Amer, Naâma",45010
"Kasdir, Naâma",45011
"El Biod, Naâma",45012
"Ain Temouchent, Aïn Témouchent",46001
"Chaabet El Ham, Aïn Témouchent",46002
"Ain Kihal, Aïn Témouchent",46003
"Hammam Bouhadjar, Aïn Témouchent",46004
"Bou Zedjar, Aïn Témouchent",46005
"Oued Berkeche, Aïn Témouchent",46006
"Aghlal, Aïn Témouchent",46007
"Terga, Aïn Témouchent",46008
"Ain El Arbaa, Aïn Témouchent",46009
"Tamzoura, Aïn Témouchent",46010
"Chentouf, Aïn Témouchent",46011
"Sidi Ben Adda, Aïn Témouchent",46012
"Aoubellil, Aïn Témouchent",46013
"El Malah, Aïn Témouchent",46014
"Sidi Boumediene, Aïn Témouchent",46015
"Oued Sabah, Aïn Témouchent",46016
"Ouled Boudjemaa, Aïn Témouchent",46017
"Ain Tolba, Aïn Témouchent",46018
"El Amria, Aïn Témouchent",46019
"Hassi El Ghella, Aïn Témouchent",46020
"Hassasna, Aïn Témouchent",46021
"Ouled Kihal, Aïn Témouchent",46022
"Beni Saf, Aïn Témouchent",46023
"Sidi Safi, Aïn Témouchent",46024
"Oulhaca El Gheraba, Aïn Témouchent",46025
"Tadmaya, Aïn Témouchent",46026
"El Emir Abdelkader, Aïn Témouchent",46027
"El Messaid, Aïn Témouchent",46028
"Ghardaia, Ghardaïa",47001
"El Meniaa, Ghardaïa",47002
"Dhayet Bendhahoua, Ghardaïa",47003
"Berriane, Ghardaïa",47004
"Metlili, Ghardaïa",47005
"El Guerrara, Ghardaïa",47006
"El Atteuf, Ghardaïa",47007
"Zelfana, Ghardaïa",47008
"Sebseb, Ghardaïa",47009
"Bounoura, Ghardaïa",47010
"Hassi Fehal, Ghardaïa",47011
"Hassi Gara, Ghardaïa",47012
"Mansoura, Ghardaïa",47013
"Relizane, Relizane",48001
"Oued Rhiou, Relizane",48002
"Belaassel Bouzegza, Relizane",48003
"Sidi Saada, Relizane",48004
"Ouled Aiche, Relizane",48005
"Sidi Lazreg, Relizane",48006
"El Hamadna, Relizane",48007
"Sidi Mhamed Ben Ali, Relizane",48008
"Mediouna, Relizane",48009
"Sidi Khettab, Relizane",48010
"Ammi Moussa, Relizane",48011
"Zemmoura, Relizane",48012
"Beni Dergoun, Relizane",48013
"Djidiouia, Relizane",48014
"El Guettar, Relizane",48015
"Hamri, Relizane",48016
"El Matmar, Relizane",48017
"Sidi Mhamed Ben Aouda, Relizane",48018
"Ain Tarek, Relizane",48019
"Oued Essalem, Relizane",48020
"Ouarizane, Relizane",48021
"Mazouna, Relizane",48022
"Kalaa, Relizane",48023
"Ain Rahma, Relizane",48024
"Yellel, Relizane",48025
"Oued El Djemaa, Relizane",48026
"Ramka, Relizane",48027
"Mendes, Relizane",48028
"Lahlef, Relizane",48029
"Beni Zentis, Relizane",48030
"Souk El Haad, Relizane",48031
"Dar Ben Abdellah, Relizane",48032
"El Hassi, Relizane",48033
"Had Echkalla, Relizane",48034
"Bendaoud, Relizane",48035
"El Ouldja, Relizane",48036
"Merdja Sidi Abed, Relizane",48037
"Ouled Sidi Mihoub, Relizane",48038
